timestamp,site,price
2026-07-15T16:15:06,RayaToys,515.9
2026-07-15T16:15:11,BG Hlapeta,464.3
2026-07-15T16:15:15,Baby.bg,515.89
2026-07-15T16:26:07,RayaToys,515.9
2026-07-15T16:26:10,BG Hlapeta,464.3
2026-07-15T16:26:13,Baby.bg,515.89
2026-07-15T16:27:22,RayaToys,515.9
2026-07-15T16:27:24,BG Hlapeta,464.3
2026-07-15T16:27:27,Baby.bg,515.89
2026-07-15T16:28:03,RayaToys,515.9
2026-07-15T16:28:05,BG Hlapeta,464.3
2026-07-15T16:28:08,Baby.bg,515.89
2026-10-08T21:57:55,RayaToys,515.9
2026-10-08T21:58:04,BG Hlapeta,474.62
2026-10-08T21:58:14,Ozone.bg,515.9
